year,quarter,region,latitude,longitude,mean_temperature_c,quarterly_rainfall_mm,relative_humidity_pct,ndvi,rodent_abundance_index,deforestation_rate_pct,elevation_m,urbanization_pct
2010,Q1,"Patagonia, Argentina",-42,-71,8.4,110.0,77.2,0.674,0.936,3.09,847,13.3
2010,Q1,Central Chile,-35,-71,12.2,87.3,79.3,0.701,0.972,3.1,832,57.0
2010,Q1,Southern Brazil,-27,-49,19.0,255.0,83.3,0.325,0.226,0.16,1420,63.6
2010,Q1,"Gran Chaco, Paraguay",-22,-60,23.9,130.5,45.7,0.54,0.955,4.89,198,46.2
2010,Q1,"Four Corners, USA",36,-109,3.5,50.3,69.2,0.586,0.42,0.61,2137,54.9
2010,Q1,"Bashkortostan, Russia",54,56,-10.4,103.6,58.3,0.41,0.48,4.27,2043,19.6
2010,Q1,"Ostrobothnia, Finland",63,22,-7.3,66.8,48.9,0.409,0.12,4.65,1751,27.6
2010,Q1,"Baden-Württemberg, Germany",48,9,7.5,146.7,44.5,0.767,0.594,3.88,1303,27.8
2010,Q1,"Hubei Province, China",31,112,2.5,189.9,60.3,0.44,0.671,1.49,707,63.8
2010,Q1,"Gyeonggi-do, South Korea",37,127,1.4,210.1,79.7,0.292,0.823,4.53,1658,21.3
2010,Q2,"Patagonia, Argentina",-42,-71,4.6,131.8,75.6,0.407,0.375,3.55,195,24.2
2010,Q2,Central Chile,-35,-71,14.4,156.7,57.2,0.241,0.892,3.49,1873,32.6
2010,Q2,Southern Brazil,-27,-49,22.9,268.8,54.0,0.259,0.413,4.18,1922,16.3
2010,Q2,"Gran Chaco, Paraguay",-22,-60,29.0,155.9,40.6,0.771,0.796,2.59,1737,11.7
2010,Q2,"Four Corners, USA",36,-109,9.1,45.2,56.1,0.627,0.349,3.43,1270,49.4
2010,Q2,"Bashkortostan, Russia",54,56,9.5,111.1,56.8,0.679,0.966,0.75,2465,52.6
2010,Q2,"Ostrobothnia, Finland",63,22,7.6,85.9,56.0,0.477,0.809,4.39,563,62.6
2010,Q2,"Baden-Württemberg, Germany",48,9,14.8,124.1,50.3,0.445,0.769,1.36,1295,27.2
2010,Q2,"Hubei Province, China",31,112,18.9,188.5,45.1,0.64,0.973,3.45,1426,18.3
2010,Q2,"Gyeonggi-do, South Korea",37,127,23.1,195.1,47.7,0.369,0.219,1.15,283,77.5
2010,Q3,"Patagonia, Argentina",-42,-71,5.7,186.2,46.8,0.367,0.67,4.41,1335,50.8
2010,Q3,Central Chile,-35,-71,11.6,201.4,63.8,0.314,0.389,2.41,877,72.2
2010,Q3,Southern Brazil,-27,-49,23.3,486.4,47.8,0.651,0.648,0.63,832,47.1
2010,Q3,"Gran Chaco, Paraguay",-22,-60,28.9,205.6,81.4,0.261,0.6,4.36,1841,50.7
2010,Q3,"Four Corners, USA",36,-109,20.3,97.6,69.3,0.312,0.589,2.16,1962,74.7
2010,Q3,"Bashkortostan, Russia",54,56,12.8,148.6,46.6,0.647,0.109,2.9,902,13.9
2010,Q3,"Ostrobothnia, Finland",63,22,18.9,163.6,78.5,0.754,0.233,0.93,1143,43.1
2010,Q3,"Baden-Württemberg, Germany",48,9,19.5,207.1,51.2,0.482,0.915,3.81,1403,72.0
2010,Q3,"Hubei Province, China",31,112,20.7,301.5,46.0,0.483,0.225,2.53,1769,32.5
2010,Q3,"Gyeonggi-do, South Korea",37,127,22.3,339.2,43.4,0.508,0.304,4.54,1370,43.3
2010,Q4,"Patagonia, Argentina",-42,-71,9.4,255.4,44.5,0.291,0.874,0.49,781,29.8
2010,Q4,Central Chile,-35,-71,8.0,204.9,50.9,0.346,0.974,3.22,112,35.1
2010,Q4,Southern Brazil,-27,-49,21.3,402.3,51.2,0.675,0.959,4.41,748,35.2
2010,Q4,"Gran Chaco, Paraguay",-22,-60,25.5,166.9,82.1,0.254,0.403,4.21,1568,60.1
2010,Q4,"Four Corners, USA",36,-109,14.9,94.6,51.1,0.254,0.607,4.14,809,27.4
2010,Q4,"Bashkortostan, Russia",54,56,-3.0,174.8,51.1,0.79,0.328,3.18,640,43.2
2010,Q4,"Ostrobothnia, Finland",63,22,-8.2,126.6,73.8,0.763,0.374,3.86,1903,40.6
2010,Q4,"Baden-Württemberg, Germany",48,9,10.6,247.7,42.4,0.614,0.847,2.87,476,72.4
2010,Q4,"Hubei Province, China",31,112,12.3,272.9,61.3,0.477,0.305,3.2,1772,19.6
2010,Q4,"Gyeonggi-do, South Korea",37,127,22.7,366.4,59.9,0.657,0.134,3.98,1469,27.9
2011,Q1,"Patagonia, Argentina",-42,-71,2.2,160.6,73.2,0.361,0.799,0.9,163,53.6
2011,Q1,Central Chile,-35,-71,16.1,128.6,49.5,0.566,0.791,3.24,1928,67.1
2011,Q1,Southern Brazil,-27,-49,14.5,218.1,77.8,0.597,0.61,0.43,1264,32.8
2011,Q1,"Gran Chaco, Paraguay",-22,-60,23.7,146.1,44.1,0.734,0.318,4.63,983,78.3
2011,Q1,"Four Corners, USA",36,-109,7.5,54.2,82.7,0.374,0.62,4.0,2416,15.2
2011,Q1,"Bashkortostan, Russia",54,56,-5.8,104.9,54.4,0.541,0.271,2.59,605,27.7
2011,Q1,"Ostrobothnia, Finland",63,22,3.3,80.7,47.5,0.316,0.204,1.18,1692,64.1
2011,Q1,"Baden-Württemberg, Germany",48,9,3.8,92.2,79.0,0.468,0.232,4.58,429,21.3
2011,Q1,"Hubei Province, China",31,112,5.4,159.2,42.9,0.548,0.391,0.7,1091,16.8
2011,Q1,"Gyeonggi-do, South Korea",37,127,7.2,203.1,50.4,0.796,0.467,0.98,751,44.5
2011,Q2,"Patagonia, Argentina",-42,-71,9.8,159.4,56.0,0.41,0.951,2.87,1122,57.2
2011,Q2,Central Chile,-35,-71,19.2,145.1,65.0,0.623,0.944,3.12,1229,67.2
2011,Q2,Southern Brazil,-27,-49,16.1,268.1,80.5,0.481,0.566,3.04,1372,75.4
2011,Q2,"Gran Chaco, Paraguay",-22,-60,30.6,162.5,63.8,0.408,0.955,2.59,61,39.3
2011,Q2,"Four Corners, USA",36,-109,19.9,56.6,80.9,0.333,0.741,0.54,2042,73.5
2011,Q2,"Bashkortostan, Russia",54,56,21.3,114.4,70.8,0.579,0.368,0.74,1711,57.0
2011,Q2,"Ostrobothnia, Finland",63,22,4.4,87.7,56.9,0.575,0.433,1.2,458,48.5
2011,Q2,"Baden-Württemberg, Germany",48,9,9.0,128.1,47.2,0.301,0.337,4.88,726,25.8
2011,Q2,"Hubei Province, China",31,112,23.0,218.6,64.6,0.68,0.174,0.55,579,18.9
2011,Q2,"Gyeonggi-do, South Korea",37,127,21.6,227.5,63.9,0.646,0.979,1.61,487,79.6
2011,Q3,"Patagonia, Argentina",-42,-71,6.7,228.6,59.2,0.635,0.283,1.92,860,70.3
2011,Q3,Central Chile,-35,-71,20.2,195.9,40.9,0.328,0.6,0.92,2126,49.7
2011,Q3,Southern Brazil,-27,-49,17.5,393.8,75.9,0.479,0.228,3.53,1900,48.2
2011,Q3,"Gran Chaco, Paraguay",-22,-60,31.3,216.9,77.6,0.695,0.784,3.55,2428,10.0
2011,Q3,"Four Corners, USA",36,-109,16.0,117.8,76.6,0.45,0.861,2.97,1154,40.1
2011,Q3,"Bashkortostan, Russia",54,56,21.4,179.8,83.2,0.202,0.205,4.19,2455,22.4
2011,Q3,"Ostrobothnia, Finland",63,22,1.5,164.2,66.7,0.628,0.406,1.82,1457,79.0
2011,Q3,"Baden-Württemberg, Germany",48,9,16.7,279.4,58.6,0.265,0.701,0.04,1388,74.0
2011,Q3,"Hubei Province, China",31,112,20.2,245.5,44.9,0.684,0.136,2.47,988,54.4
2011,Q3,"Gyeonggi-do, South Korea",37,127,23.5,351.6,73.5,0.391,0.85,4.85,929,63.1
2011,Q4,"Patagonia, Argentina",-42,-71,13.5,246.0,77.3,0.629,0.315,1.79,1922,46.6
2011,Q4,Central Chile,-35,-71,11.0,129.9,81.9,0.208,0.149,0.36,2182,17.9
2011,Q4,Southern Brazil,-27,-49,22.5,328.6,58.5,0.46,0.153,4.29,1716,32.6
2011,Q4,"Gran Chaco, Paraguay",-22,-60,22.7,227.9,82.0,0.671,0.395,0.81,152,31.8
2011,Q4,"Four Corners, USA",36,-109,20.1,76.0,83.3,0.677,0.368,3.26,922,48.5
2011,Q4,"Bashkortostan, Russia",54,56,17.2,123.3,77.5,0.467,0.79,1.97,692,61.6
2011,Q4,"Ostrobothnia, Finland",63,22,0.3,127.9,62.7,0.594,0.36,0.82,1915,59.5
2011,Q4,"Baden-Württemberg, Germany",48,9,5.0,195.2,66.1,0.581,0.111,1.06,1780,34.1
2011,Q4,"Hubei Province, China",31,112,12.7,248.3,58.9,0.752,0.965,3.97,338,56.0
2011,Q4,"Gyeonggi-do, South Korea",37,127,18.8,279.8,42.2,0.514,0.671,4.38,1154,64.7
2012,Q1,"Patagonia, Argentina",-42,-71,9.1,115.4,50.6,0.392,0.94,2.01,2395,12.5
2012,Q1,Central Chile,-35,-71,10.7,111.4,57.7,0.717,0.202,2.17,1702,55.2
2012,Q1,Southern Brazil,-27,-49,20.6,233.8,67.7,0.554,0.229,4.66,588,23.6
2012,Q1,"Gran Chaco, Paraguay",-22,-60,24.0,118.6,59.6,0.311,0.902,2.59,141,58.4
2012,Q1,"Four Corners, USA",36,-109,4.7,33.9,72.1,0.671,0.635,4.92,566,70.6
2012,Q1,"Bashkortostan, Russia",54,56,17.9,94.4,41.0,0.68,0.421,4.18,1397,75.9
2012,Q1,"Ostrobothnia, Finland",63,22,9.0,82.3,82.9,0.662,0.671,0.96,1225,42.5
2012,Q1,"Baden-Württemberg, Germany",48,9,2.3,141.6,45.1,0.205,0.836,2.7,950,79.0
2012,Q1,"Hubei Province, China",31,112,23.0,140.0,51.2,0.637,0.148,2.12,2441,11.4
2012,Q1,"Gyeonggi-do, South Korea",37,127,8.9,182.5,81.6,0.472,0.355,2.27,785,63.0
2012,Q2,"Patagonia, Argentina",-42,-71,4.1,161.8,82.2,0.671,0.437,1.83,1147,22.1
2012,Q2,Central Chile,-35,-71,11.2,165.0,72.7,0.513,0.725,2.2,1333,48.6
2012,Q2,Southern Brazil,-27,-49,17.3,345.0,78.4,0.444,0.98,2.02,1016,47.3
2012,Q2,"Gran Chaco, Paraguay",-22,-60,29.2,143.9,40.1,0.599,0.29,4.41,853,45.0
2012,Q2,"Four Corners, USA",36,-109,11.0,57.1,50.3,0.653,0.848,2.12,1555,36.7
2012,Q2,"Bashkortostan, Russia",54,56,7.1,105.1,83.0,0.637,0.602,0.61,1197,57.2
2012,Q2,"Ostrobothnia, Finland",63,22,10.5,105.6,55.8,0.74,0.97,1.27,1728,64.9
2012,Q2,"Baden-Württemberg, Germany",48,9,18.1,188.5,51.5,0.703,0.664,2.29,1097,59.9
2012,Q2,"Hubei Province, China",31,112,19.2,186.9,76.4,0.274,0.837,1.68,329,44.5
2012,Q2,"Gyeonggi-do, South Korea",37,127,6.8,191.7,77.4,0.444,0.215,4.81,1784,67.3
2012,Q3,"Patagonia, Argentina",-42,-71,5.4,273.0,74.0,0.558,0.592,1.77,329,79.5
2012,Q3,Central Chile,-35,-71,15.0,232.2,44.9,0.531,0.596,4.01,473,60.0
2012,Q3,Southern Brazil,-27,-49,20.7,509.9,70.9,0.481,0.784,3.27,346,28.3
2012,Q3,"Gran Chaco, Paraguay",-22,-60,26.8,299.8,76.2,0.235,0.404,0.49,354,11.3
2012,Q3,"Four Corners, USA",36,-109,16.6,68.5,46.6,0.643,0.116,2.1,221,35.5
2012,Q3,"Bashkortostan, Russia",54,56,16.0,149.1,59.7,0.251,0.64,2.37,1821,65.0
2012,Q3,"Ostrobothnia, Finland",63,22,2.2,156.1,44.4,0.295,0.52,0.56,2405,51.6
2012,Q3,"Baden-Württemberg, Germany",48,9,16.0,248.8,60.6,0.664,0.62,0.52,59,59.4
2012,Q3,"Hubei Province, China",31,112,16.5,314.1,45.8,0.443,0.755,4.88,725,78.9
2012,Q3,"Gyeonggi-do, South Korea",37,127,13.3,321.8,69.3,0.667,0.218,1.14,1564,25.4
2012,Q4,"Patagonia, Argentina",-42,-71,2.6,293.4,40.4,0.232,0.679,2.96,2088,22.5
2012,Q4,Central Chile,-35,-71,12.2,162.1,65.7,0.759,0.286,3.66,199,13.9
2012,Q4,Southern Brazil,-27,-49,21.0,318.8,53.0,0.569,0.866,2.78,2056,22.9
2012,Q4,"Gran Chaco, Paraguay",-22,-60,28.0,245.4,59.7,0.532,0.914,2.91,1083,70.8
2012,Q4,"Four Corners, USA",36,-109,12.6,65.9,54.9,0.362,0.945,2.56,867,24.6
2012,Q4,"Bashkortostan, Russia",54,56,20.0,170.3,59.5,0.621,0.981,4.01,2266,71.9
2012,Q4,"Ostrobothnia, Finland",63,22,9.4,141.9,47.9,0.579,0.884,2.9,2198,45.3
2012,Q4,"Baden-Württemberg, Germany",48,9,12.4,228.4,62.0,0.758,0.979,2.24,2199,45.6
2012,Q4,"Hubei Province, China",31,112,24.4,201.1,49.1,0.215,0.246,4.69,489,76.5
2012,Q4,"Gyeonggi-do, South Korea",37,127,10.3,343.1,46.3,0.582,0.414,4.27,609,70.6
2013,Q1,"Patagonia, Argentina",-42,-71,3.5,106.6,78.7,0.478,0.193,3.05,270,16.5
2013,Q1,Central Chile,-35,-71,12.6,128.2,41.7,0.325,0.509,1.58,1326,49.6
2013,Q1,Southern Brazil,-27,-49,16.5,199.1,55.1,0.321,0.892,3.03,1839,40.3
2013,Q1,"Gran Chaco, Paraguay",-22,-60,26.9,106.5,73.3,0.334,0.74,0.0,958,69.7
2013,Q1,"Four Corners, USA",36,-109,7.4,54.7,57.5,0.798,0.4,2.46,442,56.6
2013,Q1,"Bashkortostan, Russia",54,56,-9.1,65.4,78.5,0.785,0.766,4.68,983,45.1
2013,Q1,"Ostrobothnia, Finland",63,22,2.2,73.8,60.0,0.365,0.145,0.08,1498,26.8
2013,Q1,"Baden-Württemberg, Germany",48,9,10.6,115.4,43.0,0.256,0.321,2.39,1480,22.8
2013,Q1,"Hubei Province, China",31,112,19.1,166.9,56.0,0.36,0.403,2.31,2248,19.9
2013,Q1,"Gyeonggi-do, South Korea",37,127,9.8,217.9,57.5,0.208,0.598,3.32,1103,57.2
2013,Q2,"Patagonia, Argentina",-42,-71,7.6,196.9,46.1,0.534,0.723,3.37,391,70.5
2013,Q2,Central Chile,-35,-71,15.0,134.9,55.3,0.209,0.785,3.92,2135,68.5
2013,Q2,Southern Brazil,-27,-49,18.7,252.8,57.9,0.766,0.413,3.9,1978,41.9
2013,Q2,"Gran Chaco, Paraguay",-22,-60,26.8,176.1,67.1,0.575,0.477,4.12,185,39.5
2013,Q2,"Four Corners, USA",36,-109,23.5,72.4,48.4,0.576,0.858,2.4,1293,47.2
2013,Q2,"Bashkortostan, Russia",54,56,-10.4,90.2,57.9,0.611,0.758,4.56,1939,63.7
2013,Q2,"Ostrobothnia, Finland",63,22,8.1,84.0,81.6,0.463,0.154,3.35,671,53.0
2013,Q2,"Baden-Württemberg, Germany",48,9,14.4,173.7,57.7,0.233,0.782,1.12,1125,23.5
2013,Q2,"Hubei Province, China",31,112,10.7,162.3,58.8,0.426,0.643,0.3,2359,67.3
2013,Q2,"Gyeonggi-do, South Korea",37,127,25.2,209.4,57.7,0.479,0.958,3.48,494,72.5
2013,Q3,"Patagonia, Argentina",-42,-71,9.8,260.2,71.8,0.661,0.166,2.49,1197,57.0
2013,Q3,Central Chile,-35,-71,14.9,178.2,76.6,0.33,0.425,0.17,158,22.2
2013,Q3,Southern Brazil,-27,-49,21.2,437.0,54.1,0.659,0.241,4.74,2293,17.3
2013,Q3,"Gran Chaco, Paraguay",-22,-60,29.3,208.1,74.1,0.706,0.351,1.35,1525,35.8
2013,Q3,"Four Corners, USA",36,-109,18.5,78.6,80.9,0.492,0.38,3.58,2242,45.5
2013,Q3,"Bashkortostan, Russia",54,56,3.1,156.5,42.0,0.303,0.15,3.57,948,15.8
2013,Q3,"Ostrobothnia, Finland",63,22,4.8,174.1,43.5,0.795,0.989,0.62,1842,30.2
2013,Q3,"Baden-Württemberg, Germany",48,9,17.8,236.6,41.4,0.602,0.25,4.41,967,79.3
2013,Q3,"Hubei Province, China",31,112,8.5,290.5,84.3,0.404,0.99,4.88,2304,56.7
2013,Q3,"Gyeonggi-do, South Korea",37,127,23.6,309.6,75.1,0.317,0.996,3.65,1155,48.6
2013,Q4,"Patagonia, Argentina",-42,-71,5.5,162.0,51.3,0.693,0.423,1.97,1134,48.8
2013,Q4,Central Chile,-35,-71,9.1,117.8,58.9,0.757,0.346,2.92,1944,17.0
2013,Q4,Southern Brazil,-27,-49,16.8,438.7,69.0,0.421,0.247,3.29,1988,52.5
2013,Q4,"Gran Chaco, Paraguay",-22,-60,26.0,249.5,66.6,0.319,0.542,1.91,1934,53.4
2013,Q4,"Four Corners, USA",36,-109,8.3,52.0,54.9,0.212,0.622,4.57,1084,21.2
2013,Q4,"Bashkortostan, Russia",54,56,16.7,156.7,74.7,0.218,0.906,0.6,785,51.4
2013,Q4,"Ostrobothnia, Finland",63,22,4.1,120.6,82.9,0.532,0.785,3.21,1967,66.1
2013,Q4,"Baden-Württemberg, Germany",48,9,14.8,231.1,44.5,0.661,0.333,2.91,2491,50.4
2013,Q4,"Hubei Province, China",31,112,15.7,333.9,66.8,0.227,0.461,1.37,1166,53.2
2013,Q4,"Gyeonggi-do, South Korea",37,127,9.1,250.6,55.3,0.496,0.444,1.11,1154,71.8
2014,Q1,"Patagonia, Argentina",-42,-71,4.7,179.3,69.5,0.759,0.575,1.04,1727,22.0
2014,Q1,Central Chile,-35,-71,15.4,119.8,62.0,0.544,0.415,1.09,1427,25.4
2014,Q1,Southern Brazil,-27,-49,20.7,268.5,67.9,0.604,0.553,3.4,246,11.7
2014,Q1,"Gran Chaco, Paraguay",-22,-60,21.9,91.3,78.1,0.433,0.648,3.09,890,72.8
2014,Q1,"Four Corners, USA",36,-109,17.5,56.0,65.9,0.599,0.867,1.41,120,72.2
2014,Q1,"Bashkortostan, Russia",54,56,-3.3,66.1,46.2,0.331,0.829,4.63,1164,53.3
2014,Q1,"Ostrobothnia, Finland",63,22,6.1,67.2,51.6,0.418,0.412,4.59,422,24.6
2014,Q1,"Baden-Württemberg, Germany",48,9,8.0,130.1,50.9,0.681,0.924,4.27,1808,76.6
2014,Q1,"Hubei Province, China",31,112,7.0,126.2,40.9,0.422,0.96,0.38,1909,11.4
2014,Q1,"Gyeonggi-do, South Korea",37,127,14.6,175.5,67.9,0.767,0.765,3.02,713,70.4
2014,Q2,"Patagonia, Argentina",-42,-71,4.9,188.2,79.2,0.278,0.239,4.25,2152,11.0
2014,Q2,Central Chile,-35,-71,11.5,129.8,63.2,0.704,0.682,2.61,601,74.8
2014,Q2,Southern Brazil,-27,-49,24.9,285.4,45.0,0.445,0.294,4.28,536,21.4
2014,Q2,"Gran Chaco, Paraguay",-22,-60,28.4,129.1,68.4,0.22,0.755,4.04,1312,50.1
2014,Q2,"Four Corners, USA",36,-109,6.7,46.5,58.5,0.751,0.167,1.5,1603,72.1
2014,Q2,"Bashkortostan, Russia",54,56,-0.7,125.4,51.5,0.307,0.739,0.08,1679,75.2
2014,Q2,"Ostrobothnia, Finland",63,22,17.1,90.4,58.6,0.7,0.497,2.37,1783,28.8
2014,Q2,"Baden-Württemberg, Germany",48,9,15.9,139.3,82.2,0.219,0.279,0.25,645,49.0
2014,Q2,"Hubei Province, China",31,112,25.6,191.0,50.0,0.467,0.739,0.42,2153,18.4
2014,Q2,"Gyeonggi-do, South Korea",37,127,0.2,261.8,81.7,0.681,0.824,1.87,862,63.3
2014,Q3,"Patagonia, Argentina",-42,-71,14.5,322.0,65.2,0.562,0.825,2.7,570,76.3
2014,Q3,Central Chile,-35,-71,16.1,166.7,84.6,0.3,0.353,3.57,403,37.8
2014,Q3,Southern Brazil,-27,-49,23.7,413.0,42.8,0.733,0.158,1.14,891,62.5
2014,Q3,"Gran Chaco, Paraguay",-22,-60,29.9,212.8,45.1,0.503,0.727,0.25,1738,40.4
2014,Q3,"Four Corners, USA",36,-109,12.8,81.6,71.5,0.59,0.875,3.64,1013,50.5
2014,Q3,"Bashkortostan, Russia",54,56,-2.3,165.4,84.9,0.47,0.602,1.49,291,66.4
2014,Q3,"Ostrobothnia, Finland",63,22,5.1,141.0,66.0,0.314,0.412,2.06,2217,74.5
2014,Q3,"Baden-Württemberg, Germany",48,9,16.1,298.7,50.5,0.8,0.465,0.14,690,69.0
2014,Q3,"Hubei Province, China",31,112,15.4,241.6,70.3,0.415,0.233,0.9,1413,76.0
2014,Q3,"Gyeonggi-do, South Korea",37,127,12.8,274.4,65.3,0.666,0.686,4.17,2455,65.7
2014,Q4,"Patagonia, Argentina",-42,-71,3.6,171.6,64.4,0.78,0.444,4.57,1362,24.4
2014,Q4,Central Chile,-35,-71,11.9,123.4,43.5,0.765,0.789,1.43,1836,53.0
2014,Q4,Southern Brazil,-27,-49,14.4,423.7,45.4,0.202,0.323,4.84,555,57.8
2014,Q4,"Gran Chaco, Paraguay",-22,-60,27.0,166.3,75.3,0.382,0.19,4.02,127,37.4
2014,Q4,"Four Corners, USA",36,-109,6.6,78.5,65.2,0.22,0.862,4.21,1120,47.8
2014,Q4,"Bashkortostan, Russia",54,56,-10.1,166.0,81.6,0.205,0.326,2.09,727,17.9
2014,Q4,"Ostrobothnia, Finland",63,22,-4.6,118.4,49.2,0.328,0.482,3.2,120,14.7
2014,Q4,"Baden-Württemberg, Germany",48,9,4.0,176.1,65.0,0.288,0.68,4.67,86,15.3
2014,Q4,"Hubei Province, China",31,112,25.7,210.4,45.0,0.668,0.191,4.3,1215,19.6
2014,Q4,"Gyeonggi-do, South Korea",37,127,14.0,322.7,42.6,0.527,0.539,3.3,2476,17.5
2015,Q1,"Patagonia, Argentina",-42,-71,0.9,172.4,65.3,0.553,0.14,2.69,2332,36.3
2015,Q1,Central Chile,-35,-71,11.2,65.5,60.1,0.661,0.889,1.33,1829,79.8
2015,Q1,Southern Brazil,-27,-49,16.8,209.4,52.6,0.778,0.956,2.32,360,77.3
2015,Q1,"Gran Chaco, Paraguay",-22,-60,25.9,100.4,51.1,0.686,0.996,1.98,755,29.4
2015,Q1,"Four Corners, USA",36,-109,6.8,44.2,53.1,0.463,0.63,2.22,956,73.8
2015,Q1,"Bashkortostan, Russia",54,56,13.6,88.2,53.5,0.456,0.754,1.82,60,16.3
2015,Q1,"Ostrobothnia, Finland",63,22,-1.5,74.3,77.2,0.731,0.241,0.56,1692,47.7
2015,Q1,"Baden-Württemberg, Germany",48,9,1.1,105.2,41.0,0.341,0.899,4.26,1484,32.0
2015,Q1,"Hubei Province, China",31,112,12.9,185.3,44.6,0.658,0.342,0.55,2131,15.9
2015,Q1,"Gyeonggi-do, South Korea",37,127,5.6,204.4,41.2,0.228,0.681,4.56,1957,27.2
2015,Q2,"Patagonia, Argentina",-42,-71,15.0,126.6,84.1,0.647,0.186,0.51,1725,27.9
2015,Q2,Central Chile,-35,-71,14.5,174.5,62.3,0.627,0.451,3.39,1382,40.9
2015,Q2,Southern Brazil,-27,-49,15.6,335.1,61.0,0.76,0.62,2.79,1317,60.4
2015,Q2,"Gran Chaco, Paraguay",-22,-60,24.7,166.4,55.6,0.709,0.546,4.47,1042,57.9
2015,Q2,"Four Corners, USA",36,-109,22.8,70.5,51.0,0.297,0.53,2.73,909,42.6
2015,Q2,"Bashkortostan, Russia",54,56,13.6,121.7,50.0,0.421,0.457,3.21,1071,57.0
2015,Q2,"Ostrobothnia, Finland",63,22,15.8,102.6,45.8,0.653,0.703,2.14,491,45.8
2015,Q2,"Baden-Württemberg, Germany",48,9,12.9,198.1,48.9,0.286,0.825,3.82,2148,19.8
2015,Q2,"Hubei Province, China",31,112,13.3,277.0,77.3,0.715,0.461,2.96,1977,77.9
2015,Q2,"Gyeonggi-do, South Korea",37,127,20.2,299.7,72.3,0.556,0.987,3.46,542,74.6
2015,Q3,"Patagonia, Argentina",-42,-71,16.3,341.2,46.4,0.234,0.426,2.78,1977,11.5
2015,Q3,Central Chile,-35,-71,11.4,164.3,76.2,0.694,0.819,0.99,1275,33.1
2015,Q3,Southern Brazil,-27,-49,25.2,441.4,47.0,0.304,0.909,1.3,286,11.1
2015,Q3,"Gran Chaco, Paraguay",-22,-60,32.0,248.8,56.6,0.682,0.703,1.07,2343,56.2
2015,Q3,"Four Corners, USA",36,-109,15.9,116.7,82.0,0.328,0.157,0.94,100,10.6
2015,Q3,"Bashkortostan, Russia",54,56,2.4,146.7,79.0,0.755,0.993,4.27,50,64.8
2015,Q3,"Ostrobothnia, Finland",63,22,-0.7,137.3,66.2,0.441,0.875,3.25,2395,65.8
2015,Q3,"Baden-Württemberg, Germany",48,9,15.2,264.1,57.7,0.653,0.643,1.08,443,13.4
2015,Q3,"Hubei Province, China",31,112,19.9,253.0,75.3,0.492,0.308,2.18,2169,29.5
2015,Q3,"Gyeonggi-do, South Korea",37,127,25.4,389.0,71.4,0.532,0.895,0.47,152,76.2
2015,Q4,"Patagonia, Argentina",-42,-71,10.3,193.2,60.0,0.643,0.156,0.8,1338,18.2
2015,Q4,Central Chile,-35,-71,10.5,192.1,83.0,0.389,0.266,2.43,2305,40.2
2015,Q4,Southern Brazil,-27,-49,22.9,418.4,67.3,0.459,0.791,4.95,1391,68.9
2015,Q4,"Gran Chaco, Paraguay",-22,-60,25.8,226.7,46.6,0.456,0.308,0.93,252,14.6
2015,Q4,"Four Corners, USA",36,-109,11.1,52.1,69.9,0.293,0.223,1.26,1770,18.3
2015,Q4,"Bashkortostan, Russia",54,56,-10.7,140.5,40.8,0.364,0.778,4.34,900,47.5
2015,Q4,"Ostrobothnia, Finland",63,22,-3.6,147.7,54.6,0.33,0.597,4.28,2008,40.1
2015,Q4,"Baden-Württemberg, Germany",48,9,2.1,231.9,47.7,0.64,0.104,1.04,2442,66.1
2015,Q4,"Hubei Province, China",31,112,17.2,206.7,84.9,0.455,0.274,1.52,782,49.3
2015,Q4,"Gyeonggi-do, South Korea",37,127,6.8,272.3,49.7,0.387,0.463,3.13,1869,65.1
2016,Q1,"Patagonia, Argentina",-42,-71,6.7,176.8,79.8,0.681,0.582,2.68,2286,47.5
2016,Q1,Central Chile,-35,-71,8.2,106.2,61.2,0.461,0.541,1.97,2208,71.0
2016,Q1,Southern Brazil,-27,-49,20.2,182.0,64.4,0.721,0.416,3.14,1318,71.0
2016,Q1,"Gran Chaco, Paraguay",-22,-60,26.6,107.2,65.4,0.653,0.512,2.16,694,17.9
2016,Q1,"Four Corners, USA",36,-109,19.7,37.3,51.6,0.472,0.978,3.05,1287,20.2
2016,Q1,"Bashkortostan, Russia",54,56,0.6,97.8,64.0,0.705,0.633,0.49,181,69.1
2016,Q1,"Ostrobothnia, Finland",63,22,-6.5,66.2,75.9,0.235,0.978,2.74,1385,22.0
2016,Q1,"Baden-Württemberg, Germany",48,9,14.6,132.7,70.6,0.289,0.552,0.37,2151,16.5
2016,Q1,"Hubei Province, China",31,112,20.7,167.4,75.0,0.656,0.732,1.56,909,53.1
2016,Q1,"Gyeonggi-do, South Korea",37,127,19.5,184.4,45.0,0.547,0.105,3.89,1745,72.5
2016,Q2,"Patagonia, Argentina",-42,-71,8.4,159.4,84.6,0.322,0.443,3.45,133,43.2
2016,Q2,Central Chile,-35,-71,17.0,128.4,83.2,0.791,0.298,2.29,1788,76.6
2016,Q2,Southern Brazil,-27,-49,20.7,310.0,84.0,0.222,0.607,2.88,971,19.6
2016,Q2,"Gran Chaco, Paraguay",-22,-60,25.5,156.3,41.8,0.623,0.585,1.22,1653,41.9
2016,Q2,"Four Corners, USA",36,-109,13.0,73.8,53.0,0.231,0.405,3.83,2086,65.0
2016,Q2,"Bashkortostan, Russia",54,56,8.2,114.9,83.3,0.205,0.539,0.62,1278,76.3
2016,Q2,"Ostrobothnia, Finland",63,22,-5.1,89.2,55.1,0.279,0.328,3.41,1461,54.0
2016,Q2,"Baden-Württemberg, Germany",48,9,11.3,144.5,78.1,0.587,0.345,4.85,1238,41.3
2016,Q2,"Hubei Province, China",31,112,12.6,273.5,42.1,0.776,0.784,2.33,764,20.6
2016,Q2,"Gyeonggi-do, South Korea",37,127,2.6,290.4,53.8,0.346,0.701,4.89,1789,53.9
2016,Q3,"Patagonia, Argentina",-42,-71,9.4,319.5,49.2,0.525,0.766,1.08,1739,69.6
2016,Q3,Central Chile,-35,-71,11.6,125.8,69.4,0.498,0.475,3.52,256,26.1
2016,Q3,Southern Brazil,-27,-49,19.0,491.4,51.7,0.35,0.11,2.75,1567,62.9
2016,Q3,"Gran Chaco, Paraguay",-22,-60,23.7,195.4,57.0,0.254,0.535,1.3,2241,49.8
2016,Q3,"Four Corners, USA",36,-109,21.1,101.6,62.4,0.581,0.326,3.82,1615,45.8
2016,Q3,"Bashkortostan, Russia",54,56,17.9,198.6,70.2,0.582,0.465,2.65,450,57.9
2016,Q3,"Ostrobothnia, Finland",63,22,-6.7,136.0,54.1,0.414,0.429,3.22,893,51.7
2016,Q3,"Baden-Württemberg, Germany",48,9,5.5,227.7,68.8,0.403,0.366,4.63,1401,63.8
2016,Q3,"Hubei Province, China",31,112,27.6,300.3,71.1,0.435,0.16,2.68,1456,35.0
2016,Q3,"Gyeonggi-do, South Korea",37,127,2.2,422.1,64.1,0.519,0.468,3.02,1396,20.6
2016,Q4,"Patagonia, Argentina",-42,-71,6.6,155.2,52.8,0.744,0.348,0.73,156,16.7
2016,Q4,Central Chile,-35,-71,10.3,221.2,77.4,0.493,0.292,4.22,2449,14.7
2016,Q4,Southern Brazil,-27,-49,17.6,309.1,50.4,0.439,0.672,3.85,1553,60.5
2016,Q4,"Gran Chaco, Paraguay",-22,-60,23.1,211.0,52.0,0.618,0.912,4.12,519,73.0
2016,Q4,"Four Corners, USA",36,-109,20.7,53.3,68.1,0.488,0.637,2.46,1831,43.7
2016,Q4,"Bashkortostan, Russia",54,56,8.9,167.9,40.1,0.6,0.625,2.42,1258,67.6
2016,Q4,"Ostrobothnia, Finland",63,22,13.1,102.2,72.4,0.449,0.424,0.83,2249,21.0
2016,Q4,"Baden-Württemberg, Germany",48,9,11.9,193.6,44.3,0.556,0.452,3.6,2326,28.3
2016,Q4,"Hubei Province, China",31,112,13.9,252.7,43.6,0.355,0.104,4.7,843,35.4
2016,Q4,"Gyeonggi-do, South Korea",37,127,2.4,254.5,78.4,0.458,0.864,1.81,2056,55.0
2017,Q1,"Patagonia, Argentina",-42,-71,8.5,114.9,70.2,0.405,0.726,1.73,1247,40.2
2017,Q1,Central Chile,-35,-71,16.1,123.4,52.7,0.761,0.452,0.25,725,15.6
2017,Q1,Southern Brazil,-27,-49,12.9,240.8,83.1,0.767,0.736,0.33,2350,60.4
2017,Q1,"Gran Chaco, Paraguay",-22,-60,25.2,140.0,80.9,0.587,0.351,0.94,2303,74.0
2017,Q1,"Four Corners, USA",36,-109,12.5,31.4,75.9,0.371,0.882,0.61,2172,79.0
2017,Q1,"Bashkortostan, Russia",54,56,-0.5,90.5,52.3,0.549,0.888,4.72,1511,62.8
2017,Q1,"Ostrobothnia, Finland",63,22,2.3,83.9,81.0,0.715,0.853,1.47,533,52.5
2017,Q1,"Baden-Württemberg, Germany",48,9,15.7,117.7,71.8,0.348,0.963,1.92,491,47.2
2017,Q1,"Hubei Province, China",31,112,23.4,207.4,72.4,0.277,0.385,3.8,1700,53.9
2017,Q1,"Gyeonggi-do, South Korea",37,127,21.1,187.5,64.4,0.68,0.257,0.21,1001,79.2
2017,Q2,"Patagonia, Argentina",-42,-71,11.5,147.5,81.6,0.258,0.872,2.7,1207,72.2
2017,Q2,Central Chile,-35,-71,15.6,125.8,48.9,0.577,0.674,3.56,1655,31.3
2017,Q2,Southern Brazil,-27,-49,21.5,293.4,67.2,0.549,0.273,2.66,2040,15.8
2017,Q2,"Gran Chaco, Paraguay",-22,-60,22.8,180.5,65.9,0.244,0.715,2.92,1329,64.7
2017,Q2,"Four Corners, USA",36,-109,11.2,58.6,82.4,0.787,0.588,2.26,2091,74.8
2017,Q2,"Bashkortostan, Russia",54,56,2.9,94.0,60.7,0.786,0.668,4.65,2381,76.1
2017,Q2,"Ostrobothnia, Finland",63,22,-7.7,119.3,66.0,0.608,0.305,1.42,2206,45.0
2017,Q2,"Baden-Württemberg, Germany",48,9,17.6,176.1,76.8,0.456,0.374,3.82,559,13.0
2017,Q2,"Hubei Province, China",31,112,13.3,252.8,45.7,0.534,0.307,2.58,724,39.9
2017,Q2,"Gyeonggi-do, South Korea",37,127,11.5,286.4,65.9,0.407,0.229,0.02,500,20.4
2017,Q3,"Patagonia, Argentina",-42,-71,12.6,197.3,64.5,0.307,0.449,3.63,1602,39.6
2017,Q3,Central Chile,-35,-71,20.1,234.2,70.2,0.348,0.76,0.42,2007,61.0
2017,Q3,Southern Brazil,-27,-49,21.1,475.9,69.0,0.24,0.963,1.74,576,78.3
2017,Q3,"Gran Chaco, Paraguay",-22,-60,31.5,256.2,84.3,0.742,0.688,1.39,398,10.9
2017,Q3,"Four Corners, USA",36,-109,18.3,66.1,64.4,0.782,0.625,4.3,1047,31.9
2017,Q3,"Bashkortostan, Russia",54,56,9.9,181.5,47.6,0.243,0.377,1.72,1607,22.1
2017,Q3,"Ostrobothnia, Finland",63,22,-1.4,130.4,60.7,0.277,0.772,3.53,1211,29.6
2017,Q3,"Baden-Württemberg, Germany",48,9,7.8,268.7,44.9,0.638,0.541,0.07,543,40.6
2017,Q3,"Hubei Province, China",31,112,25.8,244.1,66.0,0.498,0.405,3.03,2048,26.9
2017,Q3,"Gyeonggi-do, South Korea",37,127,23.0,272.1,58.4,0.649,0.888,4.89,1588,12.1
2017,Q4,"Patagonia, Argentina",-42,-71,9.5,173.9,82.9,0.424,0.261,2.21,158,70.9
2017,Q4,Central Chile,-35,-71,10.9,147.6,81.9,0.206,0.231,2.65,146,42.9
2017,Q4,Southern Brazil,-27,-49,21.9,376.0,58.1,0.479,0.634,2.34,1589,65.1
2017,Q4,"Gran Chaco, Paraguay",-22,-60,25.0,157.5,63.2,0.411,0.261,3.38,2072,38.7
2017,Q4,"Four Corners, USA",36,-109,15.6,99.9,65.3,0.268,0.745,0.1,993,31.4
2017,Q4,"Bashkortostan, Russia",54,56,0.2,141.8,59.8,0.367,0.61,2.67,58,69.1
2017,Q4,"Ostrobothnia, Finland",63,22,10.8,149.0,48.0,0.387,0.857,3.21,102,15.0
2017,Q4,"Baden-Württemberg, Germany",48,9,12.6,216.6,71.8,0.563,0.177,1.04,2319,18.8
2017,Q4,"Hubei Province, China",31,112,27.0,311.1,84.9,0.476,0.283,2.02,1956,29.1
2017,Q4,"Gyeonggi-do, South Korea",37,127,21.4,366.5,77.1,0.721,0.837,3.64,114,79.3
2018,Q1,"Patagonia, Argentina",-42,-71,7.8,111.1,84.9,0.405,0.493,1.99,1457,28.2
2018,Q1,Central Chile,-35,-71,9.6,66.6,82.5,0.312,0.176,3.22,427,70.8
2018,Q1,Southern Brazil,-27,-49,18.4,228.9,60.0,0.371,0.244,2.94,1383,43.0
2018,Q1,"Gran Chaco, Paraguay",-22,-60,27.3,116.8,64.9,0.378,0.343,0.3,1366,68.4
2018,Q1,"Four Corners, USA",36,-109,20.1,58.8,51.2,0.533,0.539,2.32,2168,51.4
2018,Q1,"Bashkortostan, Russia",54,56,-7.4,93.7,69.2,0.614,0.23,1.57,198,79.2
2018,Q1,"Ostrobothnia, Finland",63,22,-3.8,60.9,50.3,0.672,0.318,4.59,1560,62.9
2018,Q1,"Baden-Württemberg, Germany",48,9,8.1,128.0,68.7,0.584,0.376,0.63,1915,34.6
2018,Q1,"Hubei Province, China",31,112,21.2,174.8,43.0,0.627,0.124,4.34,2254,70.6
2018,Q1,"Gyeonggi-do, South Korea",37,127,21.3,159.5,49.0,0.245,0.929,4.73,162,11.3
2018,Q2,"Patagonia, Argentina",-42,-71,7.0,190.1,43.3,0.224,0.833,4.71,689,60.8
2018,Q2,Central Chile,-35,-71,13.2,157.7,56.5,0.654,0.495,2.39,1584,34.3
2018,Q2,Southern Brazil,-27,-49,23.7,277.4,49.7,0.25,0.379,0.32,1704,29.5
2018,Q2,"Gran Chaco, Paraguay",-22,-60,30.2,150.3,70.5,0.46,0.928,4.55,1244,69.4
2018,Q2,"Four Corners, USA",36,-109,19.4,63.5,64.8,0.791,0.985,0.55,1999,39.2
2018,Q2,"Bashkortostan, Russia",54,56,17.2,107.7,52.1,0.654,0.567,0.23,669,73.3
2018,Q2,"Ostrobothnia, Finland",63,22,-8.5,104.0,61.5,0.429,0.44,1.29,1214,45.7
2018,Q2,"Baden-Württemberg, Germany",48,9,5.2,198.6,58.2,0.561,0.222,1.46,621,18.1
2018,Q2,"Hubei Province, China",31,112,25.5,208.7,60.5,0.777,0.542,1.29,2217,25.8
2018,Q2,"Gyeonggi-do, South Korea",37,127,13.1,214.3,48.0,0.726,0.291,0.89,1704,12.5
2018,Q3,"Patagonia, Argentina",-42,-71,11.0,190.1,74.5,0.541,0.135,3.08,2114,35.4
2018,Q3,Central Chile,-35,-71,18.2,250.4,64.0,0.74,0.822,1.53,247,35.7
2018,Q3,Southern Brazil,-27,-49,17.6,459.9,74.2,0.524,0.134,0.55,622,16.6
2018,Q3,"Gran Chaco, Paraguay",-22,-60,30.7,211.1,76.0,0.41,0.499,4.62,2253,72.4
2018,Q3,"Four Corners, USA",36,-109,20.7,70.4,72.0,0.258,0.351,3.23,691,41.3
2018,Q3,"Bashkortostan, Russia",54,56,-1.6,147.5,77.2,0.203,0.915,3.15,2219,17.9
2018,Q3,"Ostrobothnia, Finland",63,22,10.4,147.4,57.8,0.4,0.93,0.03,70,51.1
2018,Q3,"Baden-Württemberg, Germany",48,9,6.7,188.5,58.4,0.758,0.237,4.73,2095,25.5
2018,Q3,"Hubei Province, China",31,112,7.0,324.5,42.9,0.792,0.628,3.23,619,79.6
2018,Q3,"Gyeonggi-do, South Korea",37,127,14.7,391.3,66.9,0.264,0.896,0.73,2254,24.5
2018,Q4,"Patagonia, Argentina",-42,-71,4.3,261.4,73.7,0.798,0.664,0.5,1452,18.3
2018,Q4,Central Chile,-35,-71,8.9,223.1,40.7,0.307,0.969,4.76,628,37.5
2018,Q4,Southern Brazil,-27,-49,21.5,403.4,44.8,0.636,0.804,0.18,712,59.4
2018,Q4,"Gran Chaco, Paraguay",-22,-60,24.0,169.2,61.5,0.65,0.315,3.49,1034,22.4
2018,Q4,"Four Corners, USA",36,-109,14.4,50.6,54.6,0.454,0.811,4.55,1888,24.4
2018,Q4,"Bashkortostan, Russia",54,56,-1.7,106.3,58.7,0.744,0.538,4.25,2393,69.3
2018,Q4,"Ostrobothnia, Finland",63,22,6.3,102.6,63.3,0.742,0.515,2.11,1382,61.8
2018,Q4,"Baden-Württemberg, Germany",48,9,11.0,194.5,70.2,0.219,0.809,3.95,216,69.3
2018,Q4,"Hubei Province, China",31,112,6.6,281.5,52.4,0.529,0.706,1.27,1626,33.3
2018,Q4,"Gyeonggi-do, South Korea",37,127,6.3,297.0,84.3,0.472,0.276,3.63,2122,28.8
2019,Q1,"Patagonia, Argentina",-42,-71,7.0,142.1,50.5,0.217,0.502,4.16,2337,72.2
2019,Q1,Central Chile,-35,-71,12.6,125.7,48.5,0.315,0.249,3.99,1853,40.9
2019,Q1,Southern Brazil,-27,-49,20.5,224.0,56.9,0.494,0.371,1.31,1178,35.5
2019,Q1,"Gran Chaco, Paraguay",-22,-60,23.3,106.9,66.2,0.782,0.232,3.58,1066,66.8
2019,Q1,"Four Corners, USA",36,-109,16.8,30.8,63.3,0.254,0.439,4.16,467,12.0
2019,Q1,"Bashkortostan, Russia",54,56,8.6,104.9,64.3,0.264,0.719,1.24,2251,24.7
2019,Q1,"Ostrobothnia, Finland",63,22,6.2,79.7,77.9,0.471,0.21,2.41,881,63.5
2019,Q1,"Baden-Württemberg, Germany",48,9,13.0,142.1,51.1,0.726,0.505,3.07,421,70.5
2019,Q1,"Hubei Province, China",31,112,6.0,149.6,75.8,0.758,0.886,3.97,1559,44.0
2019,Q1,"Gyeonggi-do, South Korea",37,127,8.8,139.5,60.8,0.397,0.98,0.75,969,26.9
2019,Q2,"Patagonia, Argentina",-42,-71,7.9,126.2,77.5,0.586,0.39,3.35,1657,45.9
2019,Q2,Central Chile,-35,-71,17.7,93.5,60.5,0.727,0.509,1.73,214,19.1
2019,Q2,Southern Brazil,-27,-49,21.1,332.5,44.5,0.428,0.898,3.26,1758,73.0
2019,Q2,"Gran Chaco, Paraguay",-22,-60,25.1,171.8,79.3,0.291,0.397,4.87,1090,58.5
2019,Q2,"Four Corners, USA",36,-109,14.5,46.1,70.6,0.728,0.527,3.65,160,55.2
2019,Q2,"Bashkortostan, Russia",54,56,7.3,103.0,62.3,0.455,0.678,2.05,1677,26.6
2019,Q2,"Ostrobothnia, Finland",63,22,17.1,84.7,80.5,0.444,0.794,2.07,2119,12.2
2019,Q2,"Baden-Württemberg, Germany",48,9,8.1,194.3,74.1,0.277,0.45,1.65,954,23.0
2019,Q2,"Hubei Province, China",31,112,17.4,191.6,66.0,0.456,0.51,3.36,1776,23.2
2019,Q2,"Gyeonggi-do, South Korea",37,127,23.5,193.0,75.7,0.596,0.114,0.75,1688,40.5
2019,Q3,"Patagonia, Argentina",-42,-71,7.5,203.0,69.0,0.516,0.523,0.13,124,25.2
2019,Q3,Central Chile,-35,-71,15.4,201.6,71.5,0.678,0.141,4.16,2212,30.2
2019,Q3,Southern Brazil,-27,-49,20.7,493.6,58.8,0.342,0.175,2.69,1877,62.5
2019,Q3,"Gran Chaco, Paraguay",-22,-60,26.4,227.2,73.8,0.281,0.729,2.68,2461,59.4
2019,Q3,"Four Corners, USA",36,-109,10.4,75.8,51.7,0.618,0.537,2.36,2305,52.6
2019,Q3,"Bashkortostan, Russia",54,56,2.9,208.8,71.3,0.773,0.177,3.28,334,70.6
2019,Q3,"Ostrobothnia, Finland",63,22,3.3,120.1,41.3,0.619,0.661,3.45,316,26.5
2019,Q3,"Baden-Württemberg, Germany",48,9,11.9,275.0,67.4,0.283,0.391,3.96,827,44.6
2019,Q3,"Hubei Province, China",31,112,23.7,376.7,43.5,0.325,0.153,4.69,2259,32.8
2019,Q3,"Gyeonggi-do, South Korea",37,127,7.7,306.1,75.7,0.257,0.275,0.6,2325,11.3
2019,Q4,"Patagonia, Argentina",-42,-71,6.9,211.9,58.9,0.388,0.897,3.59,446,17.8
2019,Q4,Central Chile,-35,-71,13.9,153.3,67.9,0.53,0.544,2.86,1307,70.9
2019,Q4,Southern Brazil,-27,-49,17.6,382.3,84.2,0.402,0.97,2.26,1490,68.9
2019,Q4,"Gran Chaco, Paraguay",-22,-60,27.2,239.2,82.8,0.676,0.165,1.28,564,45.9
2019,Q4,"Four Corners, USA",36,-109,21.3,53.0,61.8,0.411,0.656,1.73,434,75.3
2019,Q4,"Bashkortostan, Russia",54,56,19.4,116.2,59.9,0.639,0.426,3.44,1711,49.9
2019,Q4,"Ostrobothnia, Finland",63,22,-3.4,133.6,52.1,0.594,0.556,0.69,2271,67.1
2019,Q4,"Baden-Württemberg, Germany",48,9,15.5,180.3,61.8,0.297,0.654,0.97,1189,47.0
2019,Q4,"Hubei Province, China",31,112,20.6,296.6,66.1,0.291,0.588,0.43,1002,26.8
2019,Q4,"Gyeonggi-do, South Korea",37,127,10.3,238.5,43.9,0.535,0.54,4.78,2349,61.1
2020,Q1,"Patagonia, Argentina",-42,-71,10.1,112.8,77.4,0.401,0.106,2.88,1515,78.1
2020,Q1,Central Chile,-35,-71,13.6,118.1,82.0,0.298,0.814,2.46,2384,68.3
2020,Q1,Southern Brazil,-27,-49,19.3,191.9,79.9,0.321,0.193,3.89,946,43.2
2020,Q1,"Gran Chaco, Paraguay",-22,-60,24.5,93.9,82.7,0.549,0.659,0.44,688,28.0
2020,Q1,"Four Corners, USA",36,-109,11.2,39.7,68.0,0.539,0.471,0.41,736,70.6
2020,Q1,"Bashkortostan, Russia",54,56,4.0,62.6,44.1,0.286,0.801,2.43,472,59.6
2020,Q1,"Ostrobothnia, Finland",63,22,11.8,75.2,44.6,0.52,0.873,3.1,1458,29.9
2020,Q1,"Baden-Württemberg, Germany",48,9,3.6,114.7,76.1,0.788,0.991,2.53,57,72.9
2020,Q1,"Hubei Province, China",31,112,21.1,172.1,63.6,0.571,0.822,3.43,905,69.7
2020,Q1,"Gyeonggi-do, South Korea",37,127,3.4,211.5,78.8,0.673,0.184,2.56,1458,20.1
2020,Q2,"Patagonia, Argentina",-42,-71,8.9,188.0,84.6,0.48,0.857,0.86,196,10.7
2020,Q2,Central Chile,-35,-71,14.8,121.7,78.5,0.635,0.777,1.98,1061,29.0
2020,Q2,Southern Brazil,-27,-49,20.1,256.1,79.9,0.37,0.652,4.07,2199,54.1
2020,Q2,"Gran Chaco, Paraguay",-22,-60,24.4,155.6,84.8,0.249,0.291,4.22,2005,40.2
2020,Q2,"Four Corners, USA",36,-109,15.5,75.8,44.1,0.28,0.375,3.37,1580,12.2
2020,Q2,"Bashkortostan, Russia",54,56,-8.3,132.9,66.5,0.332,0.73,4.61,922,43.7
2020,Q2,"Ostrobothnia, Finland",63,22,-0.6,87.1,65.7,0.744,0.362,2.34,1655,63.2
2020,Q2,"Baden-Württemberg, Germany",48,9,16.8,180.1,62.3,0.761,0.816,3.95,130,30.2
2020,Q2,"Hubei Province, China",31,112,7.9,176.3,59.4,0.562,0.853,1.86,612,18.6
2020,Q2,"Gyeonggi-do, South Korea",37,127,24.4,294.6,57.7,0.362,0.221,3.93,2014,30.7
2020,Q3,"Patagonia, Argentina",-42,-71,8.1,348.7,72.1,0.586,0.732,2.59,569,17.0
2020,Q3,Central Chile,-35,-71,18.3,161.3,55.7,0.636,0.772,0.5,1673,69.4
2020,Q3,Southern Brazil,-27,-49,19.6,484.2,76.8,0.793,0.687,3.19,88,47.4
2020,Q3,"Gran Chaco, Paraguay",-22,-60,31.0,220.9,64.5,0.792,0.455,1.9,2340,64.3
2020,Q3,"Four Corners, USA",36,-109,14.3,101.5,61.3,0.416,0.592,4.7,2160,56.3
2020,Q3,"Bashkortostan, Russia",54,56,21.5,136.5,65.3,0.682,0.711,3.77,1836,44.9
2020,Q3,"Ostrobothnia, Finland",63,22,13.2,129.2,45.9,0.48,0.877,3.83,1829,78.1
2020,Q3,"Baden-Württemberg, Germany",48,9,11.9,219.0,66.7,0.688,0.25,1.03,217,76.8
2020,Q3,"Hubei Province, China",31,112,24.1,403.0,59.3,0.468,0.702,1.38,2275,60.5
2020,Q3,"Gyeonggi-do, South Korea",37,127,26.3,344.8,49.2,0.273,0.953,0.85,1113,63.2
2020,Q4,"Patagonia, Argentina",-42,-71,13.0,297.4,62.0,0.57,0.535,1.23,474,73.2
2020,Q4,Central Chile,-35,-71,8.1,206.4,56.6,0.707,0.961,4.71,518,59.5
2020,Q4,Southern Brazil,-27,-49,18.4,425.0,82.5,0.442,0.799,3.51,1214,72.2
2020,Q4,"Gran Chaco, Paraguay",-22,-60,20.8,197.2,43.5,0.417,0.994,0.12,469,18.3
2020,Q4,"Four Corners, USA",36,-109,13.2,66.1,53.1,0.561,0.575,1.62,1616,39.5
2020,Q4,"Bashkortostan, Russia",54,56,13.7,142.7,74.7,0.547,0.391,4.23,285,13.5
2020,Q4,"Ostrobothnia, Finland",63,22,2.8,136.0,56.8,0.457,0.407,4.88,1155,45.4
2020,Q4,"Baden-Württemberg, Germany",48,9,2.1,170.1,84.2,0.417,0.774,4.98,222,33.9
2020,Q4,"Hubei Province, China",31,112,21.9,240.3,76.5,0.215,0.816,2.64,2176,41.0
2020,Q4,"Gyeonggi-do, South Korea",37,127,15.7,308.8,43.0,0.476,0.509,1.9,259,43.0
2021,Q1,"Patagonia, Argentina",-42,-71,1.9,120.5,46.0,0.279,0.544,0.25,2011,45.0
2021,Q1,Central Chile,-35,-71,13.1,78.5,71.4,0.527,0.25,3.37,2015,54.3
2021,Q1,Southern Brazil,-27,-49,14.2,188.1,58.2,0.508,0.771,3.44,105,76.6
2021,Q1,"Gran Chaco, Paraguay",-22,-60,18.8,136.4,50.1,0.795,0.407,0.9,2243,29.6
2021,Q1,"Four Corners, USA",36,-109,19.1,52.4,47.1,0.571,0.223,0.67,1598,17.8
2021,Q1,"Bashkortostan, Russia",54,56,-3.5,103.8,72.8,0.289,0.141,1.06,101,38.4
2021,Q1,"Ostrobothnia, Finland",63,22,-4.1,63.8,44.9,0.539,0.9,2.37,2302,42.7
2021,Q1,"Baden-Württemberg, Germany",48,9,9.7,143.6,73.3,0.382,0.93,0.51,356,39.8
2021,Q1,"Hubei Province, China",31,112,9.2,194.4,63.7,0.726,0.457,0.27,601,16.6
2021,Q1,"Gyeonggi-do, South Korea",37,127,5.7,192.6,63.8,0.678,0.655,2.41,2190,41.2
2021,Q2,"Patagonia, Argentina",-42,-71,11.1,167.7,44.1,0.462,0.407,2.45,2425,58.4
2021,Q2,Central Chile,-35,-71,11.8,115.7,58.7,0.381,0.484,4.68,2475,78.2
2021,Q2,Southern Brazil,-27,-49,17.8,246.6,52.5,0.392,0.243,1.14,2348,78.5
2021,Q2,"Gran Chaco, Paraguay",-22,-60,23.3,196.1,62.7,0.319,0.487,0.2,984,42.2
2021,Q2,"Four Corners, USA",36,-109,21.1,59.2,42.4,0.505,0.711,3.13,1921,18.5
2021,Q2,"Bashkortostan, Russia",54,56,16.2,93.4,74.0,0.348,0.972,3.98,1403,40.3
2021,Q2,"Ostrobothnia, Finland",63,22,-5.9,106.8,75.2,0.566,0.85,2.96,2113,14.2
2021,Q2,"Baden-Württemberg, Germany",48,9,15.4,130.9,84.0,0.4,0.521,0.1,1852,35.0
2021,Q2,"Hubei Province, China",31,112,24.8,197.0,61.8,0.606,0.534,1.12,236,70.2
2021,Q2,"Gyeonggi-do, South Korea",37,127,7.3,286.9,52.4,0.388,0.667,2.25,818,48.7
2021,Q3,"Patagonia, Argentina",-42,-71,7.8,199.9,52.0,0.258,0.611,1.47,959,30.7
2021,Q3,Central Chile,-35,-71,13.2,268.3,50.0,0.524,0.225,0.95,2273,39.4
2021,Q3,Southern Brazil,-27,-49,24.2,518.5,58.2,0.749,0.415,4.93,522,31.8
2021,Q3,"Gran Chaco, Paraguay",-22,-60,24.1,214.7,73.2,0.221,0.719,4.8,525,78.1
2021,Q3,"Four Corners, USA",36,-109,24.8,103.2,74.1,0.282,0.972,4.42,818,14.3
2021,Q3,"Bashkortostan, Russia",54,56,5.1,192.7,41.7,0.562,0.862,2.48,1092,19.4
2021,Q3,"Ostrobothnia, Finland",63,22,2.1,131.3,72.4,0.266,0.689,4.19,2444,71.2
2021,Q3,"Baden-Württemberg, Germany",48,9,15.9,261.5,61.2,0.466,0.65,2.89,720,43.3
2021,Q3,"Hubei Province, China",31,112,13.8,301.2,81.5,0.626,0.441,0.41,1557,48.5
2021,Q3,"Gyeonggi-do, South Korea",37,127,15.8,307.5,68.2,0.258,0.864,0.21,2334,12.0
2021,Q4,"Patagonia, Argentina",-42,-71,13.4,199.5,52.2,0.22,0.393,0.48,624,49.6
2021,Q4,Central Chile,-35,-71,15.0,173.9,67.5,0.68,0.129,4.5,893,21.9
2021,Q4,Southern Brazil,-27,-49,15.4,422.4,75.1,0.449,0.839,4.61,1680,31.1
2021,Q4,"Gran Chaco, Paraguay",-22,-60,26.4,156.8,58.6,0.244,0.794,2.0,970,14.5
2021,Q4,"Four Corners, USA",36,-109,13.2,67.9,67.6,0.422,0.644,0.52,1302,60.3
2021,Q4,"Bashkortostan, Russia",54,56,16.7,123.8,52.8,0.3,0.4,1.98,1776,59.2
2021,Q4,"Ostrobothnia, Finland",63,22,15.7,149.1,60.4,0.779,0.736,3.73,1067,39.8
2021,Q4,"Baden-Württemberg, Germany",48,9,16.9,197.0,78.8,0.748,0.215,2.21,444,34.9
2021,Q4,"Hubei Province, China",31,112,14.1,347.1,50.7,0.374,0.815,0.04,2015,55.2
2021,Q4,"Gyeonggi-do, South Korea",37,127,4.7,360.1,48.7,0.693,0.701,3.38,533,22.5
2022,Q1,"Patagonia, Argentina",-42,-71,10.9,135.3,55.3,0.351,0.268,0.96,2181,21.9
2022,Q1,Central Chile,-35,-71,8.9,86.6,43.5,0.454,0.802,1.07,1606,11.0
2022,Q1,Southern Brazil,-27,-49,16.3,222.0,42.9,0.796,0.888,4.68,1220,60.7
2022,Q1,"Gran Chaco, Paraguay",-22,-60,19.4,101.1,79.6,0.294,0.172,1.88,66,79.9
2022,Q1,"Four Corners, USA",36,-109,17.5,59.2,48.5,0.722,0.256,4.72,1626,15.8
2022,Q1,"Bashkortostan, Russia",54,56,-12.2,83.6,46.9,0.26,0.341,1.43,2436,37.6
2022,Q1,"Ostrobothnia, Finland",63,22,4.2,74.8,59.6,0.212,0.638,2.56,1742,25.0
2022,Q1,"Baden-Württemberg, Germany",48,9,2.0,92.3,51.9,0.748,0.605,3.85,1827,74.2
2022,Q1,"Hubei Province, China",31,112,4.8,161.2,82.0,0.436,0.81,3.42,811,79.4
2022,Q1,"Gyeonggi-do, South Korea",37,127,14.5,143.8,63.8,0.202,0.418,3.68,1270,30.6
2022,Q2,"Patagonia, Argentina",-42,-71,12.5,174.1,83.8,0.41,0.507,3.79,835,27.3
2022,Q2,Central Chile,-35,-71,12.9,108.6,71.7,0.736,0.534,2.69,2213,26.9
2022,Q2,Southern Brazil,-27,-49,16.1,356.1,58.9,0.44,0.882,1.85,1799,72.4
2022,Q2,"Gran Chaco, Paraguay",-22,-60,25.8,188.9,57.4,0.728,0.233,4.71,1485,40.9
2022,Q2,"Four Corners, USA",36,-109,8.0,54.0,45.3,0.728,0.392,3.56,1733,36.1
2022,Q2,"Bashkortostan, Russia",54,56,-10.2,87.9,74.5,0.325,0.181,0.87,1450,67.0
2022,Q2,"Ostrobothnia, Finland",63,22,-6.5,117.6,75.8,0.715,0.816,4.14,1301,62.5
2022,Q2,"Baden-Württemberg, Germany",48,9,12.3,123.5,40.4,0.256,0.385,1.16,1044,70.3
2022,Q2,"Hubei Province, China",31,112,16.3,183.0,43.9,0.591,0.685,3.94,492,41.4
2022,Q2,"Gyeonggi-do, South Korea",37,127,2.8,295.4,71.6,0.701,0.363,2.31,694,58.4
2022,Q3,"Patagonia, Argentina",-42,-71,14.8,225.4,77.4,0.382,0.78,2.23,496,74.7
2022,Q3,Central Chile,-35,-71,17.8,259.3,62.1,0.487,0.306,0.33,86,56.2
2022,Q3,Southern Brazil,-27,-49,21.6,429.9,44.9,0.514,0.163,2.11,1449,77.9
2022,Q3,"Gran Chaco, Paraguay",-22,-60,26.8,256.8,76.3,0.565,0.108,2.55,1793,78.5
2022,Q3,"Four Corners, USA",36,-109,12.3,74.7,48.7,0.481,0.614,2.25,1767,75.8
2022,Q3,"Bashkortostan, Russia",54,56,-5.4,188.2,53.1,0.329,0.699,3.15,863,58.5
2022,Q3,"Ostrobothnia, Finland",63,22,3.8,143.7,46.9,0.712,0.632,4.23,2167,50.0
2022,Q3,"Baden-Württemberg, Germany",48,9,15.3,258.1,82.4,0.605,0.87,0.89,2445,34.4
2022,Q3,"Hubei Province, China",31,112,10.0,371.8,54.9,0.319,0.4,4.8,1882,41.8
2022,Q3,"Gyeonggi-do, South Korea",37,127,14.8,338.4,79.1,0.443,0.162,4.8,1770,33.9
2022,Q4,"Patagonia, Argentina",-42,-71,9.3,236.1,73.6,0.399,0.423,0.32,2408,52.0
2022,Q4,Central Chile,-35,-71,10.5,142.7,62.4,0.631,0.939,3.63,1858,43.6
2022,Q4,Southern Brazil,-27,-49,21.8,374.8,63.9,0.344,0.975,4.7,1917,19.0
2022,Q4,"Gran Chaco, Paraguay",-22,-60,23.5,218.0,59.3,0.68,0.965,4.19,1042,15.0
2022,Q4,"Four Corners, USA",36,-109,21.7,79.4,46.5,0.254,0.22,2.0,738,78.0
2022,Q4,"Bashkortostan, Russia",54,56,-10.8,104.6,79.7,0.217,0.743,1.94,2451,75.3
2022,Q4,"Ostrobothnia, Finland",63,22,7.0,114.9,64.2,0.775,0.346,3.41,51,56.8
2022,Q4,"Baden-Württemberg, Germany",48,9,15.8,245.4,81.7,0.276,0.482,0.77,1701,11.8
2022,Q4,"Hubei Province, China",31,112,8.8,216.1,61.4,0.783,0.716,2.07,532,77.2
2022,Q4,"Gyeonggi-do, South Korea",37,127,8.4,301.0,76.5,0.272,0.622,2.04,2112,23.9
2023,Q1,"Patagonia, Argentina",-42,-71,11.3,145.8,62.1,0.366,0.737,3.32,1835,38.3
2023,Q1,Central Chile,-35,-71,7.2,118.2,81.2,0.418,0.267,2.82,2123,59.2
2023,Q1,Southern Brazil,-27,-49,16.2,193.8,72.1,0.777,0.646,2.43,998,24.2
2023,Q1,"Gran Chaco, Paraguay",-22,-60,20.9,147.5,81.8,0.524,0.597,1.33,233,71.9
2023,Q1,"Four Corners, USA",36,-109,18.1,49.3,58.4,0.55,0.939,1.54,1075,51.5
2023,Q1,"Bashkortostan, Russia",54,56,6.6,92.6,79.0,0.565,0.112,3.59,2065,42.8
2023,Q1,"Ostrobothnia, Finland",63,22,8.7,62.8,52.5,0.765,0.839,4.11,2137,60.4
2023,Q1,"Baden-Württemberg, Germany",48,9,12.6,149.0,82.4,0.444,0.347,2.47,727,41.6
2023,Q1,"Hubei Province, China",31,112,22.9,120.6,58.2,0.479,0.994,1.58,1093,76.9
2023,Q1,"Gyeonggi-do, South Korea",37,127,9.7,170.0,46.2,0.551,0.361,2.52,831,76.5
2023,Q2,"Patagonia, Argentina",-42,-71,6.3,219.3,64.6,0.683,0.623,0.47,2336,45.5
2023,Q2,Central Chile,-35,-71,11.8,105.6,69.0,0.737,0.666,2.92,1547,60.4
2023,Q2,Southern Brazil,-27,-49,18.3,349.6,52.1,0.688,0.656,3.89,1379,77.1
2023,Q2,"Gran Chaco, Paraguay",-22,-60,30.1,165.6,49.7,0.784,0.768,1.48,1725,71.1
2023,Q2,"Four Corners, USA",36,-109,15.7,67.0,74.3,0.685,0.76,4.74,1582,63.2
2023,Q2,"Bashkortostan, Russia",54,56,-9.4,119.5,82.8,0.305,0.711,1.21,799,34.9
2023,Q2,"Ostrobothnia, Finland",63,22,-6.9,98.7,52.3,0.472,0.481,4.1,1555,74.5
2023,Q2,"Baden-Württemberg, Germany",48,9,9.1,129.0,65.4,0.386,0.805,0.39,429,26.2
2023,Q2,"Hubei Province, China",31,112,11.3,169.0,41.5,0.578,0.134,1.83,625,23.0
2023,Q2,"Gyeonggi-do, South Korea",37,127,26.8,190.8,83.4,0.323,0.581,0.06,841,22.1
2023,Q3,"Patagonia, Argentina",-42,-71,7.1,199.9,55.5,0.601,0.992,0.1,2370,54.9
2023,Q3,Central Chile,-35,-71,13.9,140.8,80.4,0.205,0.867,0.62,1938,76.4
2023,Q3,Southern Brazil,-27,-49,21.7,467.4,76.8,0.704,0.32,2.19,435,25.5
2023,Q3,"Gran Chaco, Paraguay",-22,-60,29.6,212.7,81.3,0.308,0.217,1.95,99,68.3
2023,Q3,"Four Corners, USA",36,-109,17.7,62.4,62.7,0.689,0.805,3.4,338,23.6
2023,Q3,"Bashkortostan, Russia",54,56,11.6,144.5,66.9,0.451,0.624,4.62,1013,78.4
2023,Q3,"Ostrobothnia, Finland",63,22,9.4,120.7,81.6,0.48,0.166,3.95,438,40.7
2023,Q3,"Baden-Württemberg, Germany",48,9,12.6,231.4,59.5,0.77,0.636,1.49,350,69.7
2023,Q3,"Hubei Province, China",31,112,9.3,388.4,51.3,0.387,0.801,0.71,1139,18.8
2023,Q3,"Gyeonggi-do, South Korea",37,127,14.7,404.5,54.2,0.396,0.619,2.87,1426,55.2
2023,Q4,"Patagonia, Argentina",-42,-71,12.1,260.9,65.6,0.509,0.522,2.95,1976,79.6
2023,Q4,Central Chile,-35,-71,12.2,183.4,78.9,0.518,0.672,2.03,372,50.7
2023,Q4,Southern Brazil,-27,-49,15.3,388.8,46.8,0.55,0.706,2.78,608,51.8
2023,Q4,"Gran Chaco, Paraguay",-22,-60,27.2,156.7,41.7,0.745,0.482,0.97,741,45.1
2023,Q4,"Four Corners, USA",36,-109,8.0,58.2,76.7,0.577,0.276,0.14,1960,22.9
2023,Q4,"Bashkortostan, Russia",54,56,9.3,120.2,62.1,0.288,0.274,0.78,71,67.1
2023,Q4,"Ostrobothnia, Finland",63,22,5.1,111.2,70.1,0.563,0.39,0.37,1411,63.0
2023,Q4,"Baden-Württemberg, Germany",48,9,14.5,166.1,76.1,0.258,0.563,4.19,1694,55.8
2023,Q4,"Hubei Province, China",31,112,19.2,230.2,43.2,0.398,0.425,1.12,1930,74.8
2023,Q4,"Gyeonggi-do, South Korea",37,127,17.3,252.0,54.5,0.64,0.755,3.76,756,55.5
2024,Q1,"Patagonia, Argentina",-42,-71,10.1,92.6,57.7,0.368,0.877,4.23,70,57.4
2024,Q1,Central Chile,-35,-71,13.2,101.1,56.5,0.218,0.467,2.71,748,29.9
2024,Q1,Southern Brazil,-27,-49,19.4,181.0,66.6,0.304,0.642,0.13,1554,32.6
2024,Q1,"Gran Chaco, Paraguay",-22,-60,18.8,133.4,63.0,0.42,0.589,0.32,2050,25.5
2024,Q1,"Four Corners, USA",36,-109,14.7,53.4,65.3,0.796,0.484,3.14,703,14.1
2024,Q1,"Bashkortostan, Russia",54,56,13.5,63.3,83.6,0.219,0.47,3.18,1387,43.2
2024,Q1,"Ostrobothnia, Finland",63,22,12.4,60.8,70.8,0.365,0.479,1.89,2483,42.1
2024,Q1,"Baden-Württemberg, Germany",48,9,11.2,127.5,83.9,0.78,0.562,0.16,1097,25.5
2024,Q1,"Hubei Province, China",31,112,17.1,191.0,82.8,0.274,0.392,4.89,1375,27.3
2024,Q1,"Gyeonggi-do, South Korea",37,127,8.6,168.9,51.8,0.365,0.785,3.62,701,75.1
2024,Q2,"Patagonia, Argentina",-42,-71,8.8,187.5,64.6,0.218,0.815,3.29,1352,65.2
2024,Q2,Central Chile,-35,-71,11.1,171.3,59.5,0.213,0.483,1.48,762,30.0
2024,Q2,Southern Brazil,-27,-49,18.3,339.0,59.7,0.607,0.93,1.29,1136,70.2
2024,Q2,"Gran Chaco, Paraguay",-22,-60,27.6,173.4,68.9,0.243,0.559,0.3,1206,65.1
2024,Q2,"Four Corners, USA",36,-109,11.9,56.2,51.6,0.269,0.24,4.43,1358,23.3
2024,Q2,"Bashkortostan, Russia",54,56,0.7,116.7,79.8,0.668,0.502,3.62,1508,11.2
2024,Q2,"Ostrobothnia, Finland",63,22,7.2,91.2,40.9,0.211,0.287,0.89,909,12.6
2024,Q2,"Baden-Württemberg, Germany",48,9,14.0,157.5,52.2,0.417,0.124,0.81,2220,24.8
2024,Q2,"Hubei Province, China",31,112,26.6,270.8,57.4,0.793,0.935,2.73,2225,64.3
2024,Q2,"Gyeonggi-do, South Korea",37,127,7.9,195.2,57.6,0.221,0.483,4.81,289,76.6
2024,Q3,"Patagonia, Argentina",-42,-71,10.5,273.0,41.5,0.763,0.889,3.75,462,69.6
2024,Q3,Central Chile,-35,-71,11.6,192.2,73.4,0.498,0.286,1.89,1878,39.5
2024,Q3,Southern Brazil,-27,-49,20.7,385.2,60.8,0.303,0.475,0.12,1845,31.9
2024,Q3,"Gran Chaco, Paraguay",-22,-60,27.4,298.9,79.6,0.354,0.332,1.29,839,71.6
2024,Q3,"Four Corners, USA",36,-109,21.7,75.6,45.0,0.777,0.236,2.47,472,71.3
2024,Q3,"Bashkortostan, Russia",54,56,20.5,165.3,73.7,0.726,0.181,4.26,2382,78.6
2024,Q3,"Ostrobothnia, Finland",63,22,3.2,121.2,61.6,0.571,0.819,2.25,1813,24.7
2024,Q3,"Baden-Württemberg, Germany",48,9,11.0,255.1,65.6,0.56,0.605,4.39,72,78.4
2024,Q3,"Hubei Province, China",31,112,23.9,273.3,47.4,0.368,0.149,2.42,687,40.9
2024,Q3,"Gyeonggi-do, South Korea",37,127,4.1,374.4,55.9,0.719,0.695,1.6,1215,63.4
2024,Q4,"Patagonia, Argentina",-42,-71,12.7,180.6,57.4,0.274,0.343,2.95,2078,45.6
2024,Q4,Central Chile,-35,-71,13.8,114.9,54.3,0.46,0.364,2.98,754,39.3
2024,Q4,Southern Brazil,-27,-49,17.4,420.8,83.5,0.523,0.436,0.74,1334,16.6
2024,Q4,"Gran Chaco, Paraguay",-22,-60,28.4,179.9,69.8,0.337,0.847,2.98,122,36.8
2024,Q4,"Four Corners, USA",36,-109,8.9,79.3,57.2,0.713,0.472,4.32,1741,26.4
2024,Q4,"Bashkortostan, Russia",54,56,16.9,156.3,59.3,0.693,0.565,4.06,2386,53.5
2024,Q4,"Ostrobothnia, Finland",63,22,-2.8,109.6,63.0,0.793,0.981,2.28,935,21.7
2024,Q4,"Baden-Württemberg, Germany",48,9,11.6,153.4,57.1,0.382,0.791,1.57,1614,53.4
2024,Q4,"Hubei Province, China",31,112,20.5,205.6,71.1,0.322,0.486,2.78,1190,34.3
2024,Q4,"Gyeonggi-do, South Korea",37,127,-1.1,297.6,71.8,0.451,0.146,4.67,722,34.5
2025,Q1,"Patagonia, Argentina",-42,-71,6.7,125.9,65.6,0.482,0.254,3.27,1321,52.2
2025,Q1,Central Chile,-35,-71,14.3,124.5,65.9,0.781,0.151,2.88,359,29.2
2025,Q1,Southern Brazil,-27,-49,13.7,201.5,59.9,0.642,0.136,3.61,618,67.8
2025,Q1,"Gran Chaco, Paraguay",-22,-60,19.8,116.5,69.4,0.631,0.32,3.96,2388,74.6
2025,Q1,"Four Corners, USA",36,-109,18.0,57.5,40.8,0.798,0.235,4.64,1305,79.3
2025,Q1,"Bashkortostan, Russia",54,56,-13.3,102.8,50.3,0.439,0.916,1.01,112,41.8
2025,Q1,"Ostrobothnia, Finland",63,22,-5.3,86.7,80.6,0.331,0.761,1.01,487,14.2
2025,Q1,"Baden-Württemberg, Germany",48,9,8.0,149.4,61.2,0.248,0.462,3.15,413,21.9
2025,Q1,"Hubei Province, China",31,112,22.3,208.7,53.1,0.536,0.285,1.85,1938,51.5
2025,Q1,"Gyeonggi-do, South Korea",37,127,2.6,219.9,65.9,0.8,0.935,4.52,394,59.7
2025,Q2,"Patagonia, Argentina",-42,-71,9.0,128.8,72.0,0.268,0.889,1.08,2164,47.8
2025,Q2,Central Chile,-35,-71,15.7,145.5,68.0,0.289,0.279,2.96,591,19.8
2025,Q2,Southern Brazil,-27,-49,20.2,303.2,60.2,0.223,0.487,0.64,2269,54.1
2025,Q2,"Gran Chaco, Paraguay",-22,-60,26.1,151.8,44.1,0.316,0.314,2.76,1174,57.7
2025,Q2,"Four Corners, USA",36,-109,17.6,44.6,56.4,0.519,0.849,3.12,2393,35.0
2025,Q2,"Bashkortostan, Russia",54,56,18.1,134.5,84.8,0.517,0.743,0.05,2163,37.5
2025,Q2,"Ostrobothnia, Finland",63,22,9.7,92.9,72.4,0.541,0.185,2.41,432,65.7
2025,Q2,"Baden-Württemberg, Germany",48,9,19.3,173.8,63.7,0.632,0.116,3.37,1609,29.4
2025,Q2,"Hubei Province, China",31,112,26.2,181.4,54.5,0.785,0.849,4.28,1500,22.4
2025,Q2,"Gyeonggi-do, South Korea",37,127,15.8,187.4,75.7,0.354,0.523,4.25,1468,57.8
2025,Q3,"Patagonia, Argentina",-42,-71,6.1,252.8,53.7,0.666,0.723,4.36,2313,70.1
2025,Q3,Central Chile,-35,-71,14.3,229.1,65.3,0.781,0.917,0.52,1033,45.5
2025,Q3,Southern Brazil,-27,-49,19.9,459.0,58.6,0.672,0.735,1.82,2211,15.5
2025,Q3,"Gran Chaco, Paraguay",-22,-60,29.5,274.9,51.4,0.75,0.732,2.7,1668,72.0
2025,Q3,"Four Corners, USA",36,-109,19.8,112.7,71.7,0.589,0.488,2.91,771,15.5
2025,Q3,"Bashkortostan, Russia",54,56,10.5,204.7,73.1,0.249,0.357,4.96,2296,15.0
2025,Q3,"Ostrobothnia, Finland",63,22,13.8,168.3,61.0,0.2,0.71,2.61,2468,21.6
2025,Q3,"Baden-Württemberg, Germany",48,9,16.4,274.9,40.7,0.241,0.478,3.74,850,18.8
2025,Q3,"Hubei Province, China",31,112,18.9,320.2,64.2,0.394,0.243,2.78,493,73.0
2025,Q3,"Gyeonggi-do, South Korea",37,127,18.0,435.1,47.3,0.59,0.494,0.73,892,50.5
2025,Q4,"Patagonia, Argentina",-42,-71,5.5,185.2,74.2,0.745,0.38,1.6,1445,53.4
2025,Q4,Central Chile,-35,-71,16.8,160.4,70.0,0.24,0.876,1.42,2380,45.5
2025,Q4,Southern Brazil,-27,-49,19.0,419.7,64.6,0.746,0.742,4.4,1983,21.8
2025,Q4,"Gran Chaco, Paraguay",-22,-60,25.8,213.7,53.5,0.406,0.759,1.19,894,53.8
2025,Q4,"Four Corners, USA",36,-109,14.5,61.8,50.4,0.57,0.886,0.46,410,10.1
2025,Q4,"Bashkortostan, Russia",54,56,13.9,163.0,47.6,0.542,0.468,4.38,617,33.1
2025,Q4,"Ostrobothnia, Finland",63,22,-5.7,108.6,45.5,0.509,0.773,0.9,1124,38.4
2025,Q4,"Baden-Württemberg, Germany",48,9,3.4,187.8,71.2,0.34,0.641,2.45,413,58.4
2025,Q4,"Hubei Province, China",31,112,12.7,205.0,73.9,0.321,0.195,2.36,1937,12.0
2025,Q4,"Gyeonggi-do, South Korea",37,127,5.1,251.1,47.9,0.71,0.92,1.74,2119,19.6
2026,Q1,"Patagonia, Argentina",-42,-71,8.6,137.0,58.1,0.437,0.192,2.58,2208,74.5
2026,Q1,Central Chile,-35,-71,13.5,76.6,68.7,0.294,0.724,4.33,933,63.3
2026,Q1,Southern Brazil,-27,-49,21.7,228.2,54.8,0.658,0.308,3.74,1959,55.9
2026,Q1,"Gran Chaco, Paraguay",-22,-60,24.2,122.2,67.2,0.493,0.511,0.02,867,33.2
2026,Q1,"Four Corners, USA",36,-109,13.8,57.2,71.2,0.201,0.329,2.2,554,44.5
2026,Q1,"Bashkortostan, Russia",54,56,5.4,103.7,58.6,0.757,0.727,0.76,100,63.2
2026,Q1,"Ostrobothnia, Finland",63,22,-11.0,77.1,84.5,0.411,0.141,1.73,2099,62.9
2026,Q1,"Baden-Württemberg, Germany",48,9,16.3,143.8,65.2,0.415,0.747,3.09,785,71.3
2026,Q1,"Hubei Province, China",31,112,4.0,166.1,72.4,0.418,0.476,1.89,777,16.9
2026,Q1,"Gyeonggi-do, South Korea",37,127,1.4,176.3,59.8,0.721,0.162,3.86,420,35.7
2026,Q2,"Patagonia, Argentina",-42,-71,3.6,122.0,78.8,0.697,0.728,0.32,1326,26.9
2026,Q2,Central Chile,-35,-71,13.2,105.1,75.8,0.782,0.798,0.42,1663,23.8
2026,Q2,Southern Brazil,-27,-49,16.4,333.3,41.5,0.355,0.454,2.74,563,26.0
2026,Q2,"Gran Chaco, Paraguay",-22,-60,30.1,151.6,66.3,0.541,0.211,3.49,125,79.8
2026,Q2,"Four Corners, USA",36,-109,13.1,60.3,58.3,0.787,0.834,4.96,821,73.1
2026,Q2,"Bashkortostan, Russia",54,56,17.8,84.2,49.1,0.272,0.672,2.23,2493,56.9
2026,Q2,"Ostrobothnia, Finland",63,22,-7.2,83.6,60.9,0.657,0.836,3.46,1924,67.2
2026,Q2,"Baden-Württemberg, Germany",48,9,7.2,168.3,66.8,0.261,0.535,3.89,353,63.1
2026,Q2,"Hubei Province, China",31,112,18.8,205.0,54.8,0.274,0.655,0.84,1057,48.4
2026,Q2,"Gyeonggi-do, South Korea",37,127,19.1,284.8,54.7,0.658,0.556,3.14,1661,59.8
